,close,pctChange,StockChange
2015-01-03,36.5,-0.001641137855579955,neutral
2015-01-04,36.440000000000005,-0.0016438356164382162,neutral
2015-01-05,36.38,-0.0016465422612513825,neutral
2015-01-06,38.76,0.06542056074766345,positive
2015-01-07,37.28,-0.03818369453044368,decrease
2015-01-08,39.09,0.048551502145922854,positive
2015-01-09,40.17,0.027628549501151234,positive
2015-01-10,39.903333333333336,-0.006638453240394915,neutral
2015-01-11,39.63666666666666,-0.006682816807284442,neutral
2015-01-12,39.37,-0.006727777310570948,neutral
2015-01-13,39.65,0.007112014224028407,neutral
2015-01-14,39.85,0.0050441361916773175,neutral
2015-01-15,36.93,-0.07327478042659974,decrease
2015-01-16,37.31,0.010289737340915206,neutral
2015-01-17,37.375,0.0017421602787455193,neutral
2015-01-18,37.44,0.0017391304347824654,neutral
2015-01-19,37.505,0.0017361111111111605,neutral
2015-01-20,37.57,0.0017331022530329143,neutral
2015-01-21,37.83,0.006920415224913379,neutral
2015-01-22,39.07,0.03277821834522876,positive
2015-01-23,39.42,0.008958280010238129,neutral
2015-01-24,39.64666666666667,0.005750042279722534,neutral
2015-01-25,39.873333333333335,0.005717168320161337,neutral
2015-01-26,40.1,0.005684668115699676,neutral
2015-01-27,38.92,-0.029426433915211936,decrease
2015-01-28,37.15,-0.04547790339157254,decrease
2015-01-29,36.68,-0.012651413189771143,neutral
2015-01-30,37.53,0.023173391494002216,positive
2015-01-31,37.50666666666667,-0.0006217248423483479,neutral
2015-02-01,37.483333333333334,-0.0006221116246000191,neutral
2015-02-02,37.46,-0.000622498888394829,neutral
2015-02-03,39.79,0.0621996796583022,positive
2015-02-04,40.72,0.02337270671022873,positive
2015-02-05,41.26,0.013261296660117772,neutral
2015-02-06,48.01,0.16359670382937463,positive
2015-02-07,47.78,-0.004790668610705984,neutral
2015-02-08,47.55,-0.004813729593972416,neutral
2015-02-09,47.32,-0.004837013669821144,neutral
2015-02-10,46.26,-0.022400676246830176,decrease
2015-02-11,47.5,0.026805015131863508,positive
2015-02-12,47.95,0.0094736842105263,neutral
2015-02-13,48.5,0.011470281543274119,neutral
2015-02-14,48.3825,-0.0024226804123711476,neutral
2015-02-15,48.265,-0.002428564046917825,neutral
2015-02-16,48.1475,-0.0024344763286024973,neutral
2015-02-17,48.03,-0.0024404174671581735,neutral
2015-02-18,47.82,-0.004372267332916957,neutral
2015-02-19,48.7,0.018402342116269343,positive
2015-02-20,49.11,0.008418891170431042,neutral
2015-02-21,48.89666666666667,-0.004343989683024407,neutral
2015-02-22,48.68333333333333,-0.004362942259186098,neutral
2015-02-23,48.47,-0.004382060938034837,neutral
2015-02-24,48.69,0.004538890035073129,neutral
2015-02-25,48.55,-0.002875333744095321,neutral
2015-02-26,49.41,0.017713697219361446,positive
2015-02-27,48.08,-0.02691762801052411,decrease
2015-02-28,48.10333333333333,0.0004853022739879087,neutral
2015-03-01,48.126666666666665,0.00048506686993277093,neutral
2015-03-02,48.15,0.0004848316941403752,neutral
2015-03-03,47.71,-0.009138110072689498,neutral
2015-03-04,47.57,-0.0029343953049675298,neutral
2015-03-05,47.35,-0.004624763506411611,neutral
2015-03-06,46.75,-0.012671594508975703,neutral
2015-03-07,47.03,0.0059893048128343285,neutral
2015-03-08,47.31,0.005953646608547691,neutral
2015-03-09,47.59,0.005918410484041514,neutral
2015-03-10,45.84,-0.03677243118302165,decrease
2015-03-11,46.27,0.00938045375218155,neutral
2015-03-12,47.07,0.01728982061811113,positive
2015-03-13,46.66,-0.008710431272572872,neutral
2015-03-14,46.58333333333333,-0.0016430918702672326,neutral
2015-03-15,46.50666666666667,-0.0016457960644006286,neutral
2015-03-16,46.43,-0.0016485091743119185,neutral
2015-03-17,46.93,0.01076889941847936,neutral
2015-03-18,47.2,0.005753249520562553,neutral
2015-03-19,47.93,0.015466101694915135,positive
2015-03-20,48.44,0.01064051742123917,neutral
2015-03-21,48.446666666666665,0.00013762730525734845,neutral
2015-03-22,48.45333333333333,0.00013760836658871511,neutral
2015-03-23,48.46,0.00013758943313146865,neutral
2015-03-24,51.47,0.0621130829550145,positive
2015-03-25,49.5,-0.038274723139693045,decrease
2015-03-26,49.92,0.00848484848484854,neutral
2015-03-27,50.01,0.0018028846153845812,neutral
2015-03-28,49.97,-0.0007998400319936261,neutral
2015-03-29,49.93,-0.0008004802881729223,neutral
2015-03-30,49.89,-0.0008011215701982932,neutral
2015-03-31,50.08,0.0038083784325515513,neutral
2015-04-01,50.47,0.007787539936102261,neutral
2015-04-02,50.42,-0.000990687537150703,neutral
2015-04-03,50.525000000000006,0.0020825069416898767,neutral
2015-04-04,50.63,0.0020781791192479027,neutral
2015-04-05,50.735,0.0020738692474817633,neutral
2015-04-06,50.84,0.002069577214940388,neutral
2015-04-07,52.87,0.03992918961447667,positive
2015-04-08,52.3,-0.01078116133913376,neutral
2015-04-09,52.17,-0.0024856596558316957,neutral
2015-04-10,51.94,-0.004408663983132111,neutral
2015-04-11,51.83333333333333,-0.0020536516493390167,neutral
2015-04-12,51.72666666666667,-0.0020578778135047493,neutral
2015-04-13,51.62,-0.002062121407397921,neutral
2015-04-14,51.2,-0.008136381247578317,neutral
2015-04-15,51.3,0.001953124999999778,neutral
2015-04-16,52.03,0.014230019493177481,neutral
2015-04-17,50.66,-0.026330962906015887,decrease
2015-04-18,50.906666666666666,0.004869061718647316,neutral
2015-04-19,51.15333333333333,0.004845468831849109,neutral
2015-04-20,51.4,0.004822103479734219,neutral
2015-04-21,51.32,-0.0015564202334630295,neutral
2015-04-22,51.73,0.007989088074824569,neutral
2015-04-23,51.41,-0.006185965590566389,neutral
2015-04-24,50.82,-0.011476366465668075,neutral
2015-04-25,51.1,0.005509641873278293,neutral
2015-04-26,51.379999999999995,0.005479452054794498,neutral
2015-04-27,51.66,0.005449591280654031,neutral
2015-04-28,42.27,-0.1817653890824621,decrease
2015-04-29,38.49,-0.08942512420156146,decrease
2015-04-30,38.96,0.012210963886723825,neutral
2015-05-01,37.84,-0.028747433264887046,decrease
2015-05-02,37.85333333333334,0.00035236081747713754,neutral
2015-05-03,37.86666666666667,0.00035223670306439026,neutral
2015-05-04,37.88,0.00035211267605639307,neutral
2015-05-05,37.42,-0.012143611404435095,neutral
2015-05-06,37.26,-0.004275788348476861,neutral
2015-05-07,37.71,0.012077294685990392,neutral
2015-05-08,37.59,-0.0031821797931582685,neutral
2015-05-09,37.49666666666667,-0.0024829298572315306,neutral
2015-05-10,37.403333333333336,-0.002489110143123807,neutral
2015-05-11,37.31,-0.0024953212726138707,neutral
2015-05-12,37.48,0.004556419190565375,neutral
2015-05-13,37.72,0.006403415154749181,neutral
2015-05-14,37.33,-0.01033934252386004,neutral
2015-05-15,37.1,-0.00616126439860698,neutral
2015-05-16,37.160000000000004,0.0016172506738545422,neutral
2015-05-17,37.22,0.0016146393972011897,neutral
2015-05-18,37.28,0.001612036539494932,neutral
2015-05-19,37.5,0.005901287553647938,neutral
2015-05-20,36.78,-0.019199999999999995,decrease
2015-05-21,36.68,-0.002718868950516651,neutral
2015-05-22,36.6,-0.0021810250817884125,neutral
2015-05-23,36.5775,-0.0006147540983606481,neutral
2015-05-24,36.555,-0.0006151322534344583,neutral
2015-05-25,36.5325,-0.0006155108740254489,neutral
2015-05-26,36.51,-0.0006158899609937096,neutral
2015-05-27,36.41,-0.0027389756231169793,neutral
2015-05-28,36.83,0.01153529250205998,neutral
2015-05-29,36.67,-0.004344284550637956,neutral
2015-05-30,36.656666666666666,-0.00036360330879015024,neutral
2015-05-31,36.64333333333334,-0.00036373556424462716,neutral
2015-06-01,36.63,-0.00036386791594655854,neutral
2015-06-02,36.4,-0.0062790062790063494,neutral
2015-06-03,37.0,0.016483516483516425,positive
2015-06-04,36.71,-0.007837837837837869,neutral
2015-06-05,37.0,0.007899754835194672,neutral
2015-06-06,36.82,-0.004864864864864815,neutral
2015-06-07,36.64,-0.004888647474198815,neutral
2015-06-08,36.46,-0.004912663755458513,neutral
2015-06-09,35.88,-0.015907844212835975,decrease
2015-06-10,35.85,-0.0008361204013378476,neutral
2015-06-11,35.84,-0.0002789400278939702,neutral
2015-06-12,35.9,0.0016741071428569843,neutral
2015-06-13,35.49,-0.011420612813370368,neutral
2015-06-14,35.08,-0.011552550014088614,neutral
2015-06-15,34.67,-0.01168757126567832,neutral
2015-06-16,34.82,0.004326507066628071,neutral
2015-06-17,34.69,-0.0037334865020104413,neutral
2015-06-18,34.66,-0.000864802536754139,neutral
2015-06-19,35.86,0.034622042700519495,positive
2015-06-20,35.75666666666667,-0.0028815765012083494,neutral
2015-06-21,35.65333333333333,-0.0028899039806098425,neutral
2015-06-22,35.55,-0.0028982797307404162,neutral
2015-06-23,35.37,-0.005063291139240533,neutral
2015-06-24,35.17,-0.005654509471303193,neutral
2015-06-25,35.17,0.0,neutral
2015-06-26,35.26,0.002558999147000085,neutral
2015-06-27,34.91,-0.009926262053318258,neutral
2015-06-28,34.56,-0.010025780578630572,neutral
2015-06-29,34.21,-0.01012731481481488,neutral
2015-06-30,36.22,0.058754750073078066,positive
2015-07-01,35.4,-0.022639425731640017,decrease
2015-07-02,35.72,0.009039548022598876,neutral
2015-07-03,35.6475,-0.0020296752519596284,neutral
2015-07-04,35.575,-0.002033803212006413,neutral
2015-07-05,35.5025,-0.002037947997189149,neutral
2015-07-06,35.43,-0.002042109710583717,neutral
2015-07-07,35.52,0.002540220152413397,neutral
2015-07-08,34.76,-0.021396396396396566,decrease
2015-07-09,34.36,-0.011507479861910253,neutral
2015-07-10,34.91,0.016006984866123286,positive
2015-07-11,35.199999999999996,0.008307075336579706,neutral
2015-07-12,35.49,0.008238636363636642,neutral
2015-07-13,35.78,0.00817131586362363,neutral
2015-07-14,36.72,0.026271660145332554,positive
2015-07-15,35.66,-0.028867102396514244,decrease
2015-07-16,36.1,0.012338754907459393,neutral
2015-07-17,35.67,-0.011911357340720241,neutral
2015-07-18,35.71666666666667,0.0013082889449584911,neutral
2015-07-19,35.763333333333335,0.0013065795613624864,neutral
2015-07-20,35.81,0.0013048746388293342,neutral
2015-07-21,36.63,0.02289863166713202,positive
2015-07-22,36.09,-0.014742014742014753,neutral
2015-07-23,36.19,0.002770850651149681,neutral
2015-07-24,35.42,-0.02127659574468077,decrease
2015-07-25,35.18,-0.006775832862789488,neutral
2015-07-26,34.940000000000005,-0.006822057987492802,neutral
2015-07-27,34.7,-0.006868918145392144,neutral
2015-07-28,36.54,0.05302593659942345,positive
2015-07-29,31.24,-0.14504652435686916,decrease
2015-07-30,31.47,0.007362355953905331,neutral
2015-07-31,31.01,-0.014617095646647482,neutral
2015-08-01,30.43,-0.018703643985811036,decrease
2015-08-02,29.85,-0.019060138021689044,decrease
2015-08-03,29.27,-0.019430485762144123,decrease
2015-08-04,29.34,0.0023915271609156186,neutral
2015-08-05,28.48,-0.029311520109066125,decrease
2015-08-06,27.54,-0.0330056179775281,decrease
2015-08-07,27.04,-0.01815541031227308,decrease
2015-08-08,27.86,0.03032544378698221,positive
2015-08-09,28.68,0.02943287867910982,positive
2015-08-10,29.5,0.028591352859135277,positive
2015-08-11,29.62,0.004067796610169427,neutral
2015-08-12,29.39,-0.007765023632680612,neutral
2015-08-13,28.54,-0.028921401837359695,decrease
2015-08-14,29.06,0.01822004204625083,positive
2015-08-15,29.06,0.0,neutral
2015-08-16,29.06,0.0,neutral
2015-08-17,29.06,0.0,neutral
2015-08-18,28.3,-0.026152787336545025,decrease
2015-08-19,27.61,-0.024381625441696197,decrease
2015-08-20,26.0,-0.058312205722564237,decrease
2015-08-21,25.87,-0.0050000000000000044,neutral
2015-08-22,25.636666666666667,-0.00901945625563716,neutral
2015-08-23,25.403333333333336,-0.009101547263034582,neutral
2015-08-24,25.17,-0.009185146306259107,neutral
2015-08-25,24.38,-0.03138657131505773,decrease
2015-08-26,25.03,0.026661197703035322,positive
2015-08-27,26.46,0.0571314422692768,positive
2015-08-28,26.83,0.013983371126228272,neutral
2015-08-29,27.15,0.011926947446887715,neutral
2015-08-30,27.47,0.011786372007366541,neutral
2015-08-31,27.79,0.011649071714597836,neutral
2015-09-01,27.03,-0.02734796689456631,decrease
2015-09-02,27.82,0.029226785053644067,positive
2015-09-03,28.3,0.017253774263120025,positive
2015-09-04,28.15,-0.005300353356890497,neutral
2015-09-05,27.9075,-0.008614564831261107,neutral
2015-09-06,27.665,-0.008689420406700732,neutral
2015-09-07,27.4225,-0.008765588288451087,neutral
2015-09-08,27.18,-0.008843103291093057,neutral
2015-09-09,27.18,0.0,neutral
2015-09-10,27.71,0.019499632082413676,positive
2015-09-11,27.39,-0.0115481775532299,neutral
2015-09-12,27.226666666666667,-0.0059632469271023725,neutral
2015-09-13,27.063333333333333,-0.005999020568070557,neutral
2015-09-14,26.9,-0.006035226013055839,neutral
2015-09-15,27.17,0.010037174721189812,neutral
2015-09-16,27.75,0.021347073978652764,positive
2015-09-17,27.41,-0.012252252252252238,neutral
2015-09-18,27.96,0.020065669463699365,positive
2015-09-19,27.766666666666666,-0.006914639961850377,neutral
2015-09-20,27.573333333333334,-0.006962785114045578,neutral
2015-09-21,27.38,-0.007011605415860767,neutral
2015-09-22,26.83,-0.020087655222790435,decrease
2015-09-23,26.79,-0.001490868430860992,neutral
2015-09-24,26.6,-0.007092198581560183,neutral
2015-09-25,25.29,-0.049248120300751985,decrease
2015-09-26,25.28,-0.00039541320680103187,neutral
2015-09-27,25.27,-0.0003955696202532222,neutral
2015-09-28,25.26,-0.00039572615749894346,neutral
2015-09-29,25.59,0.013064133016627011,neutral
2015-09-30,26.94,0.05275498241500598,positive
2015-10-01,24.68,-0.08389012620638459,decrease
2015-10-02,26.31,0.06604538087520262,positive
2015-10-03,26.923333333333332,0.02331179526162419,positive
2015-10-04,27.536666666666665,0.022780735421567444,positive
2015-10-05,28.15,0.02227333252632846,positive
2015-10-06,27.62,-0.01882770870337469,decrease
2015-10-07,29.83,0.08001448225923236,positive
2015-10-08,30.32,0.016426416359369922,positive
2015-10-09,30.85,0.017480211081794206,positive
2015-10-10,30.150000000000002,-0.02269043760129652,decrease
2015-10-11,29.45,-0.02321724709784423,decrease
2015-10-12,28.75,-0.02376910016977929,decrease
2015-10-13,29.06,0.010782608695652174,neutral
2015-10-14,29.38,0.0110116999311769,neutral
2015-10-15,29.71,0.011232130701157361,neutral
2015-10-16,31.15,0.04846852911477617,positive
2015-10-17,31.07,-0.002568218298555358,neutral
2015-10-18,30.99,-0.002574831026713964,neutral
2015-10-19,30.91,-0.0025814778960954188,neutral
2015-10-20,30.91,0.0,neutral
2015-10-21,29.3,-0.05208670333225496,decrease
2015-10-22,29.15,-0.005119453924914752,neutral
2015-10-23,30.28,0.03876500857632936,positive
2015-10-24,30.483333333333334,0.00671510347864368,neutral
2015-10-25,30.686666666666667,0.0066703116457080824,neutral
2015-10-26,30.89,0.006626113404301526,neutral
2015-10-27,31.34,0.014567821301392003,neutral
2015-10-28,30.87,-0.014996809189534055,neutral
2015-10-29,29.06,-0.058632977000323994,decrease
2015-10-30,28.46,-0.020646937370956575,decrease
2015-10-31,28.706666666666667,0.008667135160459027,neutral
2015-11-01,28.953333333333333,0.00859266140269388,neutral
2015-11-02,29.2,0.008519456596822517,neutral
2015-11-03,29.13,-0.002397260273972579,neutral
2015-11-04,29.36,0.007895640233436252,neutral
2015-11-05,28.66,-0.023841961852861027,decrease
2015-11-06,28.28,-0.013258897418004123,neutral
2015-11-07,27.883333333333333,-0.014026402640264113,neutral
2015-11-08,27.486666666666668,-0.014225941422594035,neutral
2015-11-09,27.09,-0.014431239388794648,neutral
2015-11-10,27.05,-0.0014765596160944972,neutral
2015-11-11,26.5,-0.020332717190388205,decrease
2015-11-12,26.13,-0.013962264150943482,neutral
2015-11-13,25.18,-0.03635667814772292,decrease
2015-11-14,25.256666666666668,0.0030447445062218303,neutral
2015-11-15,25.333333333333332,0.0030355021776427016,neutral
2015-11-16,25.41,0.0030263157894736548,neutral
2015-11-17,25.23,-0.00708382526564344,neutral
2015-11-18,25.9,0.02655568767340455,positive
2015-11-19,26.32,0.016216216216216273,positive
2015-11-20,26.27,-0.0018996960486322712,neutral
2015-11-21,25.913333333333334,-0.013576957238929044,neutral
2015-11-22,25.556666666666665,-0.013763828145099133,neutral
2015-11-23,25.2,-0.013955914960219085,neutral
2015-11-24,25.52,0.012698412698412653,neutral
2015-11-25,26.06,0.021159874608150497,positive
2015-11-26,25.905,-0.0059478127398310265,neutral
2015-11-27,25.75,-0.005983400887859536,neutral
2015-11-28,25.633333333333333,-0.0045307443365696365,neutral
2015-11-29,25.516666666666666,-0.004551365409622865,neutral
2015-11-30,25.4,-0.004572175048987659,neutral
2015-12-01,25.53,0.005118110236220552,neutral
2015-12-02,25.4,-0.0050920485703095375,neutral
2015-12-03,25.9,0.019685039370078705,positive
2015-12-04,25.02,-0.03397683397683393,decrease
2015-12-05,24.833333333333332,-0.007460698108180175,neutral
2015-12-06,24.64666666666667,-0.007516778523489864,neutral
2015-12-07,24.46,-0.007573708412226154,neutral
2015-12-08,24.99,0.021668029435813363,positive
2015-12-09,24.31,-0.027210884353741527,decrease
2015-12-10,25.91,0.06581653640477181,positive
2015-12-11,24.84,-0.04129679660362795,decrease
2015-12-12,24.866666666666667,0.0010735373054213682,neutral
2015-12-13,24.893333333333334,0.0010723860589811895,neutral
2015-12-14,24.92,0.0010712372790573355,neutral
2015-12-15,23.95,-0.03892455858748001,decrease
2015-12-16,24.3,0.014613778705636848,neutral
2015-12-17,23.31,-0.040740740740740855,decrease
2015-12-18,22.99,-0.013728013728013688,neutral
2015-12-19,22.706666666666667,-0.012324198927069707,neutral
2015-12-20,22.423333333333332,-0.01247798003523204,neutral
2015-12-21,22.14,-0.012635647391110338,neutral
2015-12-22,22.56,0.01897018970189701,positive
2015-12-23,22.67,0.004875886524822848,neutral
2015-12-24,22.97,0.013233348037053227,neutral
2015-12-25,22.86,-0.004788855028297734,neutral
2015-12-26,22.75,-0.00481189851268593,neutral
2015-12-27,22.64,-0.004835164835164774,neutral
2015-12-28,22.53,-0.004858657243816178,neutral
2015-12-29,22.47,-0.0026631158455393544,neutral
2015-12-30,22.23,-0.010680907877169465,neutral
2015-12-31,23.14,0.040935672514619936,positive
2016-01-01,22.995,-0.0062662057044079456,neutral
2016-01-02,22.85,-0.006305718634485702,neutral
2016-01-03,22.705,-0.006345733041575596,neutral
2016-01-04,22.56,-0.006386258533362721,neutral
2016-01-05,21.92,-0.028368794326240954,decrease
2016-01-06,21.39,-0.024178832116788396,decrease
2016-01-07,20.26,-0.05282842449742864,decrease
2016-01-08,19.98,-0.013820335636722691,neutral
2016-01-09,19.87,-0.005505505505505437,neutral
2016-01-10,19.759999999999998,-0.005535983895319729,neutral
2016-01-11,19.65,-0.005566801619433126,neutral
2016-01-12,19.62,-0.0015267175572517555,neutral
2016-01-13,18.68,-0.04791029561671767,decrease
2016-01-14,19.0,0.017130620985010614,positive
2016-01-15,17.94,-0.0557894736842105,decrease
2016-01-16,17.6275,-0.017419175027870715,decrease
2016-01-17,17.315,-0.01772798184654656,decrease
2016-01-18,17.0025,-0.01804793531619986,decrease
2016-01-19,16.69,-0.018379650051463026,decrease
2016-01-20,17.38,0.04134212103055712,positive
2016-01-21,17.83,0.02589182968929804,positive
2016-01-22,17.84,0.000560852495793629,neutral
2016-01-23,17.566666666666666,-0.015321375186846065,decrease
2016-01-24,17.293333333333333,-0.01555977229601524,decrease
2016-01-25,17.02,-0.01580570547417115,decrease
2016-01-26,17.01,-0.000587544065804857,neutral
2016-01-27,16.78,-0.013521457965902428,neutral
2016-01-28,16.49,-0.01728247914183567,decrease
2016-01-29,16.8,0.018799272286234237,positive
2016-01-30,17.17,0.022023809523809668,positive
2016-01-31,17.54,0.021549213744903817,positive
2016-02-01,17.91,0.02109464082098067,positive
2016-02-02,16.08,-0.10217755443886112,decrease
2016-02-03,16.56,0.029850746268656803,positive
2016-02-04,16.91,0.021135265700483075,positive
2016-02-05,15.72,-0.07037256061502062,decrease
2016-02-06,15.446666666666667,-0.017387616624257807,decrease
2016-02-07,15.173333333333334,-0.017695295640914988,decrease
2016-02-08,14.9,-0.018014059753954315,decrease
2016-02-09,14.4,-0.03355704697986572,decrease
2016-02-10,14.98,0.04027777777777786,positive
2016-02-11,14.31,-0.04472630173564751,decrease
2016-02-12,15.88,0.10971348707197759,positive
2016-02-13,16.0,0.007556675062972307,neutral
2016-02-14,16.12,0.007500000000000062,neutral
2016-02-15,16.24,0.007444168734491052,neutral
2016-02-16,16.36,0.007389162561576512,neutral
2016-02-17,17.46,0.0672371638141811,positive
2016-02-18,18.43,0.05555555555555558,positive
2016-02-19,18.31,-0.006511123168746691,neutral
2016-02-20,18.306666666666665,-0.00018204988166758973,neutral
2016-02-21,18.303333333333335,-0.0001820830298614462,neutral
2016-02-22,18.3,-0.00018211619012931113,neutral
2016-02-23,18.3,0.0,neutral
2016-02-24,18.0,-0.016393442622950838,decrease
2016-02-25,17.59,-0.022777777777777786,decrease
2016-02-26,17.94,0.019897669130187756,positive
2016-02-27,18.0,0.0033444816053511683,neutral
2016-02-28,18.060000000000002,0.0033333333333334103,neutral
2016-02-29,18.12,0.0033222591362125353,neutral
2016-03-01,17.85,-0.01490066225165565,neutral
2016-03-02,18.54,0.03865546218487381,positive
2016-03-03,19.31,0.041531823085221076,positive
2016-03-04,19.36,0.002589331952356222,neutral
2016-03-05,19.296666666666667,-0.0032713498622589654,neutral
2016-03-06,19.233333333333334,-0.0032820867161857947,neutral
2016-03-07,19.17,-0.003292894280762515,neutral
2016-03-08,18.33,-0.04381846635367781,decrease
2016-03-09,17.66,-0.0365521003818875,decrease
2016-03-10,16.61,-0.05945639864099661,decrease
2016-03-11,16.81,0.012040939193256994,neutral
2016-03-12,16.913333333333334,0.006147134642078278,neutral
2016-03-13,17.016666666666666,0.006109578242017966,neutral
2016-03-14,17.12,0.006072477962781653,neutral
2016-03-15,16.19,-0.054322429906542014,decrease
2016-03-16,16.7,0.03150092649783809,positive
2016-03-17,16.85,0.008982035928143839,neutral
2016-03-18,16.85,0.0,neutral
2016-03-19,16.863333333333333,0.0007912957467852699,neutral
2016-03-20,16.87666666666667,0.0007906700929039001,neutral
2016-03-21,16.89,0.0007900454276119628,neutral
2016-03-22,16.86,-0.001776198934280715,neutral
2016-03-23,16.01,-0.050415183867141056,decrease
2016-03-24,15.91,-0.006246096189881367,neutral
2016-03-25,15.8325,-0.004871150219987519,neutral
2016-03-26,15.754999999999999,-0.004894994473393366,neutral
2016-03-27,15.6775,-0.004919073310060251,neutral
2016-03-28,15.6,-0.004943390208898113,neutral
2016-03-29,15.97,0.023717948717948856,positive
2016-03-30,16.36,0.024420788979336194,positive
2016-03-31,16.55,0.011613691931540382,neutral
2016-04-01,15.98,-0.03444108761329312,decrease
2016-04-02,16.35,0.023153942428035146,positive
2016-04-03,16.72,0.022629969418960005,positive
2016-04-04,17.09,0.022129186602870776,positive
2016-04-05,17.05,-0.002340550029256816,neutral
2016-04-06,17.26,0.012316715542522116,neutral
2016-04-07,16.98,-0.016222479721900385,decrease
2016-04-08,16.65,-0.019434628975265156,decrease
2016-04-09,16.60333333333333,-0.002802802802802762,neutral
2016-04-10,16.55666666666667,-0.0028106805862274653,neutral
2016-04-11,16.51,-0.0028186027783370093,neutral
2016-04-12,16.57,0.003634161114475898,neutral
2016-04-13,17.37,0.04828002414001209,positive
2016-04-14,17.53,0.00921128382268277,neutral
2016-04-15,17.58,0.0028522532800911993,neutral
2016-04-16,17.49,-0.005119453924914641,neutral
2016-04-17,17.4,-0.005145797598627766,neutral
2016-04-18,17.31,-0.005172413793103403,neutral
2016-04-19,16.92,-0.022530329289427886,decrease
2016-04-20,17.4,0.028368794326240954,positive
2016-04-21,17.51,0.006321839080460023,neutral
2016-04-22,17.23,-0.015990862364363312,decrease
2016-04-23,17.183333333333334,-0.0027084542464693717,neutral
2016-04-24,17.136666666666667,-0.0027158098933074415,neutral
2016-04-25,17.09,-0.0027232056020229933,neutral
2016-04-26,17.75,0.03861907548273846,positive
2016-04-27,14.86,-0.16281690140845073,decrease
2016-04-28,14.64,-0.014804845222072593,neutral
2016-04-29,14.62,-0.001366120218579292,neutral
2016-04-30,14.546666666666667,-0.005015959872320952,neutral
2016-05-01,14.473333333333333,-0.005041246562786483,neutral
2016-05-02,14.4,-0.00506678949792716,neutral
2016-05-03,14.01,-0.027083333333333348,decrease
2016-05-04,14.84,0.059243397573162104,positive
2016-05-05,14.12,-0.04851752021563349,decrease
2016-05-06,14.4,0.019830028328611915,positive
2016-05-07,14.333333333333334,-0.00462962962962965,neutral
2016-05-08,14.266666666666666,-0.0046511627906977715,neutral
2016-05-09,14.2,-0.004672897196261627,neutral
2016-05-10,14.63,0.03028169014084514,positive
2016-05-11,14.59,-0.002734107997265922,neutral
2016-05-12,14.08,-0.034955448937628475,decrease
2016-05-13,14.1,0.0014204545454545858,neutral
2016-05-14,14.163333333333332,0.004491725768321464,neutral
2016-05-15,14.226666666666667,0.004471640385973252,neutral
2016-05-16,14.29,0.004451733833177096,neutral
2016-05-17,14.34,0.0034989503149056578,neutral
2016-05-18,14.14,-0.013947001394700065,neutral
2016-05-19,14.15,0.0007072135785006761,neutral
2016-05-20,14.43,0.01978798586572439,positive
2016-05-21,14.423333333333334,-0.00046200046200040035,neutral
2016-05-22,14.416666666666666,-0.0004622140050843937,neutral
2016-05-23,14.41,-0.00046242774566473965,neutral
2016-05-24,14.03,-0.026370575988896694,decrease
2016-05-25,14.41,0.02708481824661435,positive
2016-05-26,14.3,-0.007633587786259555,neutral
2016-05-27,15.1,0.055944055944055826,positive
2016-05-28,15.129999999999999,0.001986754966887272,neutral
2016-05-29,15.16,0.00198281559814939,neutral
2016-05-30,15.190000000000001,0.0019788918205805306,neutral
2016-05-31,15.22,0.0019749835418036987,neutral
2016-06-01,15.02,-0.013140604467805628,neutral
2016-06-02,15.2,0.011984021304926706,neutral
2016-06-03,15.2,0.0,neutral
2016-06-04,15.223333333333333,0.0015350877192983337,neutral
2016-06-05,15.246666666666666,0.0015327348368732174,neutral
2016-06-06,15.27,0.0015303891560995986,neutral
2016-06-07,15.0,-0.017681728880157177,decrease
2016-06-08,14.95,-0.0033333333333334103,neutral
2016-06-09,14.6,-0.02341137123745818,decrease
2016-06-10,14.02,-0.03972602739726028,decrease
2016-06-11,14.196666666666667,0.012601046124584014,neutral
2016-06-12,14.373333333333333,0.012444235736088327,neutral
2016-06-13,14.55,0.012291280148423178,neutral
2016-06-14,15.36,0.05567010309278331,positive
2016-06-15,15.96,0.0390625,positive
2016-06-16,15.87,-0.005639097744360999,neutral
2016-06-17,16.1,0.01449275362318847,neutral
2016-06-18,16.18,0.004968944099378758,neutral
2016-06-19,16.26,0.004944375772558907,neutral
2016-06-20,16.34,0.004920049200491938,neutral
2016-06-21,16.32,-0.001223990208078285,neutral
2016-06-22,16.13,-0.011642156862745168,neutral
2016-06-23,17.04,0.0564166150030998,positive
2016-06-24,16.44,-0.035211267605633645,decrease
2016-06-25,16.240000000000002,-0.012165450121654486,neutral
2016-06-26,16.04,-0.012315270935960743,neutral
2016-06-27,15.84,-0.012468827930174564,neutral
2016-06-28,16.42,0.03661616161616177,positive
2016-06-29,16.83,0.024969549330084995,positive
2016-06-30,16.91,0.004753416518122444,neutral
2016-07-01,17.28,0.02188054405677109,positive
2016-07-02,17.245,-0.0020254629629630205,neutral
2016-07-03,17.21,-0.002029573789504191,neutral
2016-07-04,17.175,-0.0020337013364323253,neutral
2016-07-05,17.14,-0.002037845705967989,neutral
2016-07-06,17.2,0.003500583430571691,neutral
2016-07-07,17.37,0.009883720930232709,neutral
2016-07-08,18.08,0.04087507196315476,positive
2016-07-09,17.956666666666667,-0.0068215339233037575,neutral
2016-07-10,17.833333333333332,-0.006868386857248998,neutral
2016-07-11,17.71,-0.006915887850467151,neutral
2016-07-12,18.1,0.02202145680406553,positive
2016-07-13,17.74,-0.019889502762431066,decrease
2016-07-14,17.96,0.012401352874859217,neutral
2016-07-15,18.08,0.006681514476614581,neutral
2016-07-16,18.27,0.010508849557522293,neutral
2016-07-17,18.459999999999997,0.010399562123699857,neutral
2016-07-18,18.65,0.010292524377031542,neutral
2016-07-19,18.33,-0.0171581769436997,decrease
2016-07-20,18.56,0.012547735951991212,neutral
2016-07-21,18.39,-0.009159482758620552,neutral
2016-07-22,18.37,-0.0010875475802065715,neutral
2016-07-23,18.463333333333335,0.0050807475957177495,neutral
2016-07-24,18.556666666666665,0.0050550640909909905,neutral
2016-07-25,18.65,0.005029638943775838,neutral
2016-07-26,18.45,-0.01072386058981234,neutral
2016-07-27,15.77,-0.14525745257452571,decrease
2016-07-28,16.31,0.034242232086239666,positive
2016-07-29,16.64,0.020232985898221978,positive
2016-07-30,16.64,0.0,neutral
2016-07-31,16.64,0.0,neutral
2016-08-01,16.64,0.0,neutral
2016-08-02,16.42,-0.013221153846153744,neutral
2016-08-03,17.61,0.07247259439707654,positive
2016-08-04,18.13,0.029528676888131766,positive
2016-08-05,18.26,0.007170435741864489,neutral
2016-08-06,18.240000000000002,-0.0010952902519166807,neutral
2016-08-07,18.22,-0.0010964912280703176,neutral
2016-08-08,18.2,-0.001097694840834218,neutral
2016-08-09,18.68,0.026373626373626502,positive
2016-08-10,19.04,0.01927194860813697,positive
2016-08-11,19.78,0.03886554621848748,positive
2016-08-12,19.54,-0.01213346814964622,neutral
2016-08-13,19.98,0.022517911975435068,positive
2016-08-14,20.419999999999998,0.02202202202202197,positive
2016-08-15,20.86,0.021547502448579836,positive
2016-08-16,20.4,-0.02205177372962608,decrease
2016-08-17,20.17,-0.011274509803921418,neutral
2016-08-18,19.0,-0.0580069410014874,decrease
2016-08-19,18.98,-0.001052631578947305,neutral
2016-08-20,18.836666666666666,-0.007551808921671954,neutral
2016-08-21,18.693333333333335,-0.007609272695098035,neutral
2016-08-22,18.55,-0.007667617689015804,neutral
2016-08-23,18.69,0.007547169811320753,neutral
2016-08-24,18.25,-0.02354200107009108,decrease
2016-08-25,18.32,0.003835616438356171,neutral
2016-08-26,18.3,-0.0010917030567685337,neutral
2016-08-27,18.356666666666666,0.0030965391621129434,neutral
2016-08-28,18.413333333333334,0.00308698020700926,neutral
2016-08-29,18.47,0.003077480086893347,neutral
2016-08-30,18.38,-0.004872766648619353,neutral
2016-08-31,19.21,0.04515778019586514,positive
2016-09-01,19.5,0.015096304008328953,positive
2016-09-02,19.55,0.002564102564102555,neutral
2016-09-03,19.645,0.004859335038363222,neutral
2016-09-04,19.740000000000002,0.0048358360906084474,neutral
2016-09-05,19.835,0.0048125633232014575,neutral
2016-09-06,19.93,0.004789513486261665,neutral
2016-09-07,19.87,-0.0030105368790767084,neutral
2016-09-08,18.7,-0.05888273779567199,decrease
2016-09-09,18.11,-0.03155080213903738,decrease
2016-09-10,18.12333333333333,0.0007362414872076339,neutral
2016-09-11,18.136666666666667,0.0007356998344676402,neutral
2016-09-12,18.15,0.0007351589781290357,neutral
2016-09-13,17.76,-0.02148760330578492,decrease
2016-09-14,18.08,0.018018018018017834,positive
2016-09-15,18.3,0.012168141592920456,neutral
2016-09-16,19.11,0.04426229508196711,positive
2016-09-17,18.86,-0.013082155939298845,neutral
2016-09-18,18.61,-0.013255567338282037,neutral
2016-09-19,18.36,-0.013433637829124101,neutral
2016-09-20,18.39,0.0016339869281045694,neutral
2016-09-21,18.49,0.0054377379010330795,neutral
2016-09-22,18.63,0.007571660356949783,neutral
2016-09-23,22.62,0.21417069243156206,positive
2016-09-24,22.87,0.01105216622457994,neutral
2016-09-25,23.12,0.010931351114997767,neutral
2016-09-26,23.37,0.010813148788927363,neutral
2016-09-27,23.72,0.014976465554129126,neutral
2016-09-28,22.96,-0.03204047217537931,decrease
2016-09-29,23.01,0.00217770034843201,neutral
2016-09-30,23.05,0.0017383746197305872,neutral
2016-10-01,23.366666666666667,0.013738250180766354,neutral
2016-10-02,23.683333333333334,0.013552068473609014,neutral
2016-10-03,24.0,0.013370865587614356,neutral
2016-10-04,23.52,-0.020000000000000018,decrease
2016-10-05,24.87,0.05739795918367352,positive
2016-10-06,19.87,-0.20104543626859672,decrease
2016-10-07,19.85,-0.0010065425264217387,neutral
2016-10-08,19.086666666666666,-0.03845507976490359,decrease
2016-10-09,18.323333333333334,-0.03999301432064262,decrease
2016-10-10,17.56,-0.04165908677460439,decrease
2016-10-11,18.0,0.02505694760820054,positive
2016-10-12,18.05,0.002777777777777768,neutral
2016-10-13,17.79,-0.014404432132964051,neutral
2016-10-14,16.88,-0.05115233277121978,decrease
2016-10-15,16.83,-0.002962085308056861,neutral
2016-10-16,16.78,-0.002970885323826278,neutral
2016-10-17,16.73,-0.0029797377830751426,neutral
2016-10-18,16.83,0.005977286312014218,neutral
2016-10-19,17.07,0.014260249554367332,neutral
2016-10-20,16.9,-0.009958992384300092,neutral
2016-10-21,18.09,0.07041420118343211,positive
2016-10-22,18.07,-0.001105583195135429,neutral
2016-10-23,18.05,-0.0011068068622025473,neutral
2016-10-24,18.03,-0.001108033240997175,neutral
2016-10-25,17.26,-0.042706600110926196,decrease
2016-10-26,17.29,0.0017381228273463112,neutral
2016-10-27,17.4,0.0063620589936379535,neutral
2016-10-28,17.66,0.014942528735632177,neutral
2016-10-29,17.756666666666668,0.005473763684409327,neutral
2016-10-30,17.85333333333333,0.0054439647080906095,neutral
2016-10-31,17.95,0.005414488424197117,neutral
2016-11-01,17.49,-0.02562674094707529,decrease
2016-11-02,17.61,0.006861063464837169,neutral
2016-11-03,17.58,-0.0017035775127769437,neutral
2016-11-04,18.02,0.025028441410694047,positive
2016-11-05,18.15,0.007214206437291759,neutral
2016-11-06,18.28,0.007162534435261936,neutral
2016-11-07,18.41,0.007111597374179324,neutral
2016-11-08,18.38,-0.0016295491580663457,neutral
2016-11-09,19.13,0.04080522306855272,positive
2016-11-10,18.37,-0.03972817564035536,decrease
2016-11-11,18.55,0.009798584648883946,neutral
2016-11-12,18.746666666666666,0.010601976639712518,neutral
2016-11-13,18.943333333333335,0.01049075391180665,neutral
2016-11-14,19.14,0.010381840577159851,neutral
2016-11-15,18.98,-0.008359456635318674,neutral
2016-11-16,18.63,-0.018440463645943206,decrease
2016-11-17,18.55,-0.004294149221685362,neutral
2016-11-18,18.73,0.009703504043126587,neutral
2016-11-19,18.686666666666667,-0.0023135789286349295,neutral
2016-11-20,18.643333333333334,-0.002318943988583677,neutral
2016-11-21,18.6,-0.0023243339889147396,neutral
2016-11-22,18.63,0.001612903225806317,neutral
2016-11-23,18.22,-0.022007514761137936,decrease
2016-11-24,18.14,-0.004390779363336872,neutral
2016-11-25,18.06,-0.004410143329658278,neutral
2016-11-26,18.14,0.0044296788482836025,neutral
2016-11-27,18.22,0.004410143329658167,neutral
2016-11-28,18.3,0.004390779363337094,neutral
2016-11-29,18.19,-0.006010928961748596,neutral
2016-11-30,18.49,0.016492578339746933,positive
2016-12-01,18.03,-0.02487831260140605,decrease
2016-12-02,17.93,-0.005546311702717799,neutral
2016-12-03,18.03,0.005577244841048712,neutral
2016-12-04,18.13,0.005546311702717466,neutral
2016-12-05,18.23,0.005515719801434171,neutral
2016-12-06,18.23,0.0,neutral
2016-12-07,19.48,0.06856829402084474,positive
2016-12-08,19.64,0.008213552361396204,neutral
2016-12-09,19.65,0.0005091649694499711,neutral
2016-12-10,19.41,-0.012213740458015154,neutral
2016-12-11,19.169999999999998,-0.012364760432766686,neutral
2016-12-12,18.93,-0.012519561815336422,neutral
2016-12-13,19.37,0.023243528790280132,positive
2016-12-14,18.93,-0.02271553949406302,decrease
2016-12-15,18.79,-0.007395668251452769,neutral
2016-12-16,18.63,-0.00851516764236293,neutral
2016-12-17,18.5,-0.006977992485238782,neutral
2016-12-18,18.369999999999997,-0.007027027027027177,neutral
2016-12-19,18.24,-0.007076755579749516,neutral
2016-12-20,17.92,-0.01754385964912264,decrease
2016-12-21,17.08,-0.04687500000000022,decrease
2016-12-22,16.41,-0.03922716627634648,decrease
2016-12-23,16.5,0.005484460694698434,neutral
2016-12-24,16.5275,0.0016666666666667052,neutral
2016-12-25,16.555,0.0016638935108153063,neutral
2016-12-26,16.5825,0.0016611295681063787,neutral
2016-12-27,16.61,0.0016583747927030323,neutral
2016-12-28,16.39,-0.013245033112582738,neutral
2016-12-29,16.39,0.0,neutral
2016-12-30,16.3,-0.005491153142159866,neutral
2016-12-31,16.335,0.0021472392638037796,neutral
2017-01-01,16.37,0.00214263850627483,neutral
2017-01-02,16.405,0.002138057422113704,neutral
2017-01-03,16.44,0.0021334958854009045,neutral
2017-01-04,16.86,0.025547445255474255,positive
2017-01-05,17.09,0.013641755634638209,neutral
2017-01-06,17.17,0.004681100058513854,neutral
2017-01-07,17.28,0.006406523005241693,neutral
2017-01-08,17.39,0.0063657407407407,neutral
2017-01-09,17.5,0.006325474410580734,neutral
2017-01-10,17.37,-0.00742857142857134,neutral
2017-01-11,17.3,-0.004029936672423684,neutral
2017-01-12,17.38,0.0046242774566473965,neutral
2017-01-13,17.25,-0.007479861910241636,neutral
2017-01-14,17.177500000000002,-0.004202898550724532,neutral
2017-01-15,17.105,-0.004220637461796017,neutral
2017-01-16,17.0325,-0.004238526746565441,neutral
2017-01-17,16.96,-0.004256568325260446,neutral
2017-01-18,17.11,0.008844339622641417,neutral
2017-01-19,16.79,-0.018702513150204547,decrease
2017-01-20,16.58,-0.012507444907683185,neutral
2017-01-21,16.59,0.0006031363088059294,neutral
2017-01-22,16.599999999999998,0.0006027727546713546,neutral
2017-01-23,16.61,0.000602409638554402,neutral
2017-01-24,16.52,-0.005418422636965681,neutral
2017-01-25,16.73,0.012711864406779627,neutral
2017-01-26,16.81,0.00478182904961133,neutral
2017-01-27,16.57,-0.014277215942890997,neutral
2017-01-28,16.693333333333335,0.007443170388252041,neutral
2017-01-29,16.816666666666666,0.007388178913737997,neutral
2017-01-30,16.94,0.007333994053518422,neutral
2017-01-31,17.62,0.04014167650531286,positive
2017-02-01,17.24,-0.02156640181611824,decrease
2017-02-02,17.78,0.03132250580046425,positive
2017-02-03,17.61,-0.009561304836895435,neutral
2017-02-04,17.716666666666665,0.006057164489873035,neutral
2017-02-05,17.823333333333334,0.006020696142991611,neutral
2017-02-06,17.93,0.00598466429773703,neutral
2017-02-07,18.26,0.01840490797546024,positive
2017-02-08,18.72,0.025191675794085322,positive
2017-02-09,16.41,-0.12339743589743579,decrease
2017-02-10,15.58,-0.050578915295551474,decrease
2017-02-11,15.656666666666666,0.004920838682070938,neutral
2017-02-12,15.733333333333334,0.00489674260166062,neutral
2017-02-13,15.81,0.004872881355932224,neutral
2017-02-14,16.52,0.044908285895003175,positive
2017-02-15,16.74,0.013317191283293006,neutral
2017-02-16,16.35,-0.023297491039426355,decrease
2017-02-17,16.62,0.016513761467889854,positive
2017-02-18,16.57,-0.0030084235860409203,neutral
2017-02-19,16.520000000000003,-0.003017501508750575,neutral
2017-02-20,16.470000000000002,-0.003026634382566673,neutral
2017-02-21,16.42,-0.0030358227079538835,neutral
2017-02-22,16.08,-0.020706455542022106,decrease
2017-02-23,16.03,-0.003109452736318241,neutral
2017-02-24,15.98,-0.003119151590767366,neutral
2017-02-25,16.006666666666668,0.0016687526074259385,neutral
2017-02-26,16.03333333333333,0.0016659725114533952,neutral
2017-02-27,16.06,0.0016632016632016633,neutral
2017-02-28,15.77,-0.018057285180572813,decrease
2017-03-01,15.79,0.0012682308180087531,neutral
2017-03-02,15.79,0.0,neutral
2017-03-03,15.75,-0.002533248891703588,neutral
2017-03-04,15.686666666666667,-0.0040211640211639255,neutral
2017-03-05,15.623333333333333,-0.004037399065023428,neutral
2017-03-06,15.56,-0.004053765735011705,neutral
2017-03-07,15.18,-0.024421593830334265,decrease
2017-03-08,15.24,0.0039525691699604515,neutral
2017-03-09,15.22,-0.001312335958005173,neutral
2017-03-10,15.12,-0.006570302233902869,neutral
2017-03-11,15.15,0.001984126984126977,neutral
2017-03-12,15.18,0.001980198019801982,neutral
2017-03-13,15.21,0.0019762845849802257,neutral
2017-03-14,15.32,0.007232084155160967,neutral
2017-03-15,15.03,-0.018929503916449097,decrease
2017-03-16,15.19,0.010645375914837052,neutral
2017-03-17,15.08,-0.007241606319947302,neutral
2017-03-18,15.083333333333334,0.0002210433244915766,neutral
2017-03-19,15.086666666666666,0.00022099447513812542,neutral
2017-03-20,15.09,0.00022094564737074052,neutral
2017-03-21,14.54,-0.03644797879390327,decrease
2017-03-22,14.98,0.030261348005502064,positive
2017-03-23,14.93,-0.0033377837116155273,neutral
2017-03-24,15.14,0.01406563965170804,neutral
2017-03-25,15.09,-0.0033025099075297826,neutral
2017-03-26,15.040000000000001,-0.003313452617627499,neutral
2017-03-27,14.99,-0.0033244680851064468,neutral
2017-03-28,14.94,-0.0033355570380253496,neutral
2017-03-29,15.04,0.006693440428380271,neutral
2017-03-30,14.92,-0.007978723404255317,neutral
2017-03-31,14.95,0.002010723860589758,neutral
2017-04-01,14.913333333333332,-0.0024526198439241975,neutral
2017-04-02,14.876666666666667,-0.0024586499776485526,neutral
2017-04-03,14.84,-0.0024647098364328768,neutral
2017-04-04,14.69,-0.010107816711590334,neutral
2017-04-05,14.53,-0.010891763104152519,neutral
2017-04-06,14.39,-0.009635237439779676,neutral
2017-04-07,14.29,-0.006949270326615853,neutral
2017-04-08,14.313333333333333,0.0016328434802892478,neutral
2017-04-09,14.336666666666666,0.0016301816488122345,neutral
2017-04-10,14.36,0.0016275284817484081,neutral
2017-04-11,14.31,-0.0034818941504177747,neutral
2017-04-12,14.42,0.007686932215233977,neutral
2017-04-13,14.3,-0.00832177531206657,neutral
2017-04-14,14.325000000000001,0.0017482517482518833,neutral
2017-04-15,14.350000000000001,0.0017452006980802626,neutral
2017-04-16,14.375,0.0017421602787455193,neutral
2017-04-17,14.4,0.0017391304347826875,neutral
2017-04-18,14.44,0.002777777777777768,neutral
2017-04-19,14.54,0.006925207756232732,neutral
2017-04-20,14.65,0.007565337001375516,neutral
2017-04-21,14.63,-0.0013651877133105117,neutral
2017-04-22,14.656666666666668,0.001822738664843948,neutral
2017-04-23,14.683333333333334,0.0018194223334091486,neutral
2017-04-24,14.71,0.001816118047673232,neutral
2017-04-25,14.66,-0.003399048266485405,neutral
2017-04-26,15.82,0.0791268758526602,positive
2017-04-27,16.61,0.049936788874841875,positive
2017-04-28,16.48,-0.007826610475617057,neutral
2017-04-29,16.833333333333332,0.021440129449838086,positive
2017-04-30,17.186666666666667,0.02099009900990101,positive
2017-05-01,17.54,0.020558572536850228,positive
2017-05-02,18.24,0.039908779931584926,positive
2017-05-03,18.57,0.018092105263157965,positive
2017-05-04,18.48,-0.004846526655896577,neutral
2017-05-05,18.69,0.011363636363636465,neutral
2017-05-06,18.563333333333333,-0.006777242732299071,neutral
2017-05-07,18.436666666666667,-0.006823487161070174,neutral
2017-05-08,18.31,-0.006870367022238422,neutral
2017-05-09,18.37,0.003276897870016615,neutral
2017-05-10,18.54,0.00925421883505706,neutral
2017-05-11,18.39,-0.008090614886731351,neutral
2017-05-12,18.61,0.011963023382272953,neutral
2017-05-13,18.816666666666666,0.011105140605409236,neutral
2017-05-14,19.023333333333333,0.010983170947741483,neutral
2017-05-15,19.23,0.010863851410548575,neutral
2017-05-16,19.49,0.013520540821632787,neutral
2017-05-17,18.28,-0.06208311954848622,decrease
2017-05-18,18.51,0.012582056892779026,neutral
2017-05-19,18.35,-0.008643976229065431,neutral
2017-05-20,18.37666666666667,0.0014532243415077417,neutral
2017-05-21,18.403333333333332,0.0014511155450751545,neutral
2017-05-22,18.43,0.0014490128599891072,neutral
2017-05-23,18.15,-0.015192620727075501,decrease
2017-05-24,17.98,-0.009366391184572942,neutral
2017-05-25,17.95,-0.0016685205784204848,neutral
2017-05-26,18.23,0.01559888579387203,positive
2017-05-27,18.28,0.0027427317608337276,neutral
2017-05-28,18.33,0.002735229759299518,neutral
2017-05-29,18.38,0.0027277686852156258,neutral
2017-05-30,18.43,0.002720348204570122,neutral
2017-05-31,18.32,-0.005968529571351078,neutral
2017-06-01,18.53,0.011462882096069826,neutral
2017-06-02,18.31,-0.011872638963842497,neutral
2017-06-03,18.28333333333333,-0.0014563990533406068,neutral
2017-06-04,18.256666666666668,-0.0014585232452140051,neutral
2017-06-05,18.23,-0.0014606536425050276,neutral
2017-06-06,17.57,-0.03620405924300607,decrease
2017-06-07,17.44,-0.007398975526465512,neutral
2017-06-08,17.59,0.008600917431192512,neutral
2017-06-09,16.9,-0.039226833428084196,decrease
2017-06-10,16.946666666666665,0.002761341222879743,neutral
2017-06-11,16.993333333333332,0.0027537372147914407,neutral
2017-06-12,17.04,0.002746174970576609,neutral
2017-06-13,16.97,-0.004107981220657253,neutral
2017-06-14,16.76,-0.012374779021803062,neutral
2017-06-15,16.83,0.004176610978520179,neutral
2017-06-16,16.67,-0.009506833036244555,neutral
2017-06-17,16.8,0.007798440311937549,neutral
2017-06-18,16.93,0.007738095238095211,neutral
2017-06-19,17.06,0.007678676904902426,neutral
2017-06-20,16.91,-0.008792497069167515,neutral
2017-06-21,17.78,0.05144884683619155,positive
2017-06-22,18.15,0.0208098987626546,positive
2017-06-23,18.5,0.019283746556473913,positive
2017-06-24,18.43,-0.003783783783783745,neutral
2017-06-25,18.36,-0.0037981551817688475,neutral
2017-06-26,18.29,-0.0038126361655773655,neutral
2017-06-27,18.12,-0.009294696555494752,neutral
2017-06-28,17.95,-0.00938189845474624,neutral
2017-06-29,17.65,-0.016713091922005652,decrease
2017-06-30,17.87,0.01246458923512761,neutral
2017-07-01,17.796666666666667,-0.004103711994031034,neutral
2017-07-02,17.723333333333333,-0.004120621839295846,neutral
2017-07-03,17.65,-0.0041376716193342045,neutral
2017-07-04,17.735,0.004815864022662986,neutral
2017-07-05,17.82,0.004792782633211257,neutral
2017-07-06,17.92,0.0056116722783390305,neutral
2017-07-07,18.02,0.005580357142856984,neutral
2017-07-08,18.04,0.0011098779134295356,neutral
2017-07-09,18.06,0.0011086474501107446,neutral
2017-07-10,18.08,0.001107419712070845,neutral
2017-07-11,18.64,0.030973451327433787,positive
2017-07-12,19.25,0.03272532188841204,positive
2017-07-13,19.32,0.0036363636363636598,neutral
2017-07-14,19.64,0.016563146997929712,positive
2017-07-15,19.740000000000002,0.005091649694501044,neutral
2017-07-16,19.84,0.005065856129685908,neutral
2017-07-17,19.94,0.00504032258064524,neutral
2017-07-18,19.98,0.0020060180541623396,neutral
2017-07-19,20.12,0.00700700700700696,neutral
2017-07-20,20.53,0.020377733598409442,positive
2017-07-21,20.11,-0.020457866536775504,decrease
2017-07-22,20.073333333333334,-0.0018233051549808588,neutral
2017-07-23,20.036666666666665,-0.0018266356692130392,neutral
2017-07-24,20.0,-0.0018299783729828212,neutral
2017-07-25,19.97,-0.0015000000000000568,neutral
2017-07-26,19.61,-0.018027040560841257,decrease
2017-07-27,16.84,-0.14125446200917902,decrease
2017-07-28,16.75,-0.005344418052256494,neutral
2017-07-29,16.53,-0.013134328358208935,neutral
2017-07-30,16.31,-0.013309134906231201,neutral
2017-07-31,16.09,-0.013488657265481208,neutral
2017-08-01,16.21,0.007458048477315238,neutral
2017-08-02,16.07,-0.00863664404688469,neutral
2017-08-03,16.18,0.0068450528935906085,neutral
2017-08-04,16.29,0.0067985166872681635,neutral
2017-08-05,16.326666666666664,0.0022508696541845286,neutral
2017-08-06,16.363333333333333,0.0022458146182116057,neutral
2017-08-07,16.4,0.0022407822367080943,neutral
2017-08-08,16.15,-0.015243902439024404,decrease
2017-08-09,16.14,-0.0006191950464394802,neutral
2017-08-10,15.75,-0.024163568773234223,decrease
2017-08-11,15.92,0.0107936507936508,neutral
2017-08-12,15.976666666666667,0.0035594639865996758,neutral
2017-08-13,16.03333333333333,0.003546839140412983,neutral
2017-08-14,16.09,0.0035343035343036178,neutral
2017-08-15,15.95,-0.008701056556867703,neutral
2017-08-16,16.16,0.013166144200627006,neutral
2017-08-17,15.87,-0.017945544554455517,decrease
2017-08-18,15.99,0.007561436672967936,neutral
2017-08-19,16.03,0.00250156347717323,neutral
2017-08-20,16.07,0.0024953212726137597,neutral
2017-08-21,16.11,0.002489110143123696,neutral
2017-08-22,16.63,0.0322780881440099,positive
2017-08-23,16.96,0.0198436560432953,positive
2017-08-24,16.89,-0.004127358490566002,neutral
2017-08-25,16.65,-0.014209591474245276,neutral
2017-08-26,16.689999999999998,0.002402402402402304,neutral
2017-08-27,16.73,0.002396644697423733,neutral
2017-08-28,16.77,0.002390914524805776,neutral
2017-08-29,16.93,0.00954084675014899,neutral
2017-08-30,16.93,0.0,neutral
2017-08-31,16.91,-0.0011813349084465186,neutral
2017-09-01,16.86,-0.002956830277942135,neutral
2017-09-02,16.807499999999997,-0.0031138790035588615,neutral
2017-09-03,16.755,-0.0031236055332439783,neutral
2017-09-04,16.7025,-0.003133393017009767,neutral
2017-09-05,16.65,-0.0031432420296364505,neutral
2017-09-06,16.83,0.0108108108108107,neutral
2017-09-07,17.22,0.02317290552584672,positive
2017-09-08,17.45,0.013356562137049943,neutral
2017-09-09,17.52,0.0040114613180515235,neutral
2017-09-10,17.59,0.003995433789954372,neutral
2017-09-11,17.66,0.003979533826037551,neutral
2017-09-12,18.17,0.02887882219705551,positive
2017-09-13,18.2,0.00165107319757829,neutral
2017-09-14,18.21,0.0005494505494505475,neutral
2017-09-15,18.01,-0.010982976386600729,neutral
2017-09-16,17.873333333333335,-0.0075883768276883146,neutral
2017-09-17,17.736666666666668,-0.007646400596792224,neutral
2017-09-18,17.6,-0.007705318549144913,neutral
2017-09-19,17.76,0.009090909090909038,neutral
2017-09-20,17.62,-0.007882882882882969,neutral
2017-09-21,17.58,-0.00227014755959154,neutral
2017-09-22,17.61,0.0017064846416383617,neutral
2017-09-23,17.4,-0.011925042589437829,neutral
2017-09-24,17.19,-0.012068965517241237,neutral
2017-09-25,16.98,-0.012216404886561949,neutral
2017-09-26,16.59,-0.02296819787985871,decrease
2017-09-27,16.95,0.02169981916817365,positive
2017-09-28,16.85,-0.005899705014749124,neutral
2017-09-29,16.87,0.001186943620178127,neutral
2017-09-30,16.943333333333335,0.004346967002568647,neutral
2017-10-01,17.016666666666666,0.004328152665748375,neutral
2017-10-02,17.09,0.004309500489716012,neutral
2017-10-03,17.59,0.029256875365710977,positive
2017-10-04,17.75,0.009096077316657292,neutral
2017-10-05,18.25,0.028169014084507005,positive
2017-10-06,17.85,-0.021917808219177992,decrease
2017-10-07,17.790000000000003,-0.003361344537815003,neutral
2017-10-08,17.73,-0.00337268128161905,neutral
2017-10-09,17.67,-0.0033840947546530664,neutral
2017-10-10,17.41,-0.014714204867006364,neutral
2017-10-11,17.73,0.018380241240666395,positive
2017-10-12,18.45,0.04060913705583746,positive
2017-10-13,18.63,0.009756097560975618,neutral
2017-10-14,18.529999999999998,-0.005367686527106841,neutral
2017-10-15,18.43,-0.005396654074473761,neutral
2017-10-16,18.33,-0.005425935973955576,neutral
2017-10-17,18.28,-0.0027277686852152927,neutral
2017-10-18,18.02,-0.01422319474835898,neutral
2017-10-19,17.89,-0.00721420643729187,neutral
2017-10-20,17.87,-0.0011179429849077493,neutral
2017-10-21,17.703333333333333,-0.00932661816825231,neutral
2017-10-22,17.53666666666667,-0.009414422895876351,neutral
2017-10-23,17.37,-0.009503896597605088,neutral
2017-10-24,17.25,-0.006908462867012188,neutral
2017-10-25,17.16,-0.00521739130434784,neutral
2017-10-26,20.31,0.18356643356643354,positive
2017-10-27,21.68,0.0674544559330379,positive
2017-10-28,21.536666666666665,-0.006611316113161236,neutral
2017-10-29,21.393333333333334,-0.006655316514471377,neutral
2017-10-30,21.25,-0.0066999065129323965,neutral
2017-10-31,20.62,-0.02964705882352936,decrease
2017-11-01,20.61,-0.0004849660523763566,neutral
2017-11-02,19.71,-0.04366812227074224,decrease
2017-11-03,19.9,0.009639776763064267,neutral
2017-11-04,19.73,-0.008542713567839089,neutral
2017-11-05,19.56,-0.0086163203243792,neutral
2017-11-06,19.39,-0.008691206543967156,neutral
2017-11-07,19.66,0.01392470345538932,neutral
2017-11-08,19.59,-0.003560528992878953,neutral
2017-11-09,19.9,0.01582440020418585,positive
2017-11-10,20.32,0.02110552763819107,positive
2017-11-11,20.27,-0.002460629921259838,neutral
2017-11-12,20.220000000000002,-0.0024666995559939897,neutral
2017-11-13,20.17,-0.002472799208704246,neutral
2017-11-14,20.05,-0.00594942984630642,neutral
2017-11-15,19.91,-0.006982543640897787,neutral
2017-11-16,20.36,0.022601707684580585,positive
2017-11-17,20.76,0.01964636542239706,positive
2017-11-18,20.883333333333333,0.005940912010276023,neutral
2017-11-19,21.006666666666668,0.005905826017557958,neutral
2017-11-20,21.13,0.00587115201523325,neutral
2017-11-21,21.88,0.03549455750118313,positive
2017-11-22,22.27,0.01782449725776969,positive
2017-11-23,22.345,0.003367759317467467,neutral
2017-11-24,22.42,0.0033564555829046494,neutral
2017-11-25,22.220000000000002,-0.008920606601248826,neutral
2017-11-26,22.02,-0.00900090009000909,neutral
2017-11-27,21.82,-0.009082652134423275,neutral
2017-11-28,21.83,0.0004582951420712966,neutral
2017-11-29,20.79,-0.04764086120018318,decrease
2017-11-30,20.58,-0.010101010101010166,neutral
2017-12-01,20.71,0.006316812439261632,neutral
2017-12-02,20.606666666666666,-0.004989538065346966,neutral
2017-12-03,20.503333333333334,-0.005014558395341262,neutral
2017-12-04,20.4,-0.00503983092180138,neutral
2017-12-05,20.77,0.018137254901960942,positive
2017-12-06,21.09,0.01540683678382293,positive
2017-12-07,21.01,-0.0037932669511615558,neutral
2017-12-08,21.1,0.004283674440742402,neutral
2017-12-09,21.416666666666668,0.01500789889415488,positive
2017-12-10,21.733333333333334,0.01478599221789878,neutral
2017-12-11,22.05,0.014570552147239235,neutral
2017-12-12,21.65,-0.018140589569161092,decrease
2017-12-13,21.66,0.00046189376443428465,neutral
2017-12-14,22.58,0.0424746075715603,positive
2017-12-15,22.23,-0.015500442869796238,decrease
2017-12-16,23.046666666666667,0.03673714200029998,positive
2017-12-17,23.863333333333333,0.03543534856812269,positive
2017-12-18,24.68,0.03422265679564185,positive
2017-12-19,25.08,0.01620745542949753,positive
2017-12-20,25.2,0.004784688995215447,neutral
2017-12-21,25.05,-0.005952380952380931,neutral
2017-12-22,24.46,-0.023552894211576803,decrease
2017-12-23,24.41,-0.0020441537203598203,neutral
2017-12-24,24.36,-0.002048340843916474,neutral
2017-12-25,24.310000000000002,-0.0020525451559932906,neutral
2017-12-26,24.26,-0.002056766762649098,neutral
2017-12-27,24.23,-0.0012366034624897715,neutral
2017-12-28,24.31,0.0033016921172099867,neutral
2017-12-29,24.01,-0.01234060057589459,neutral
2017-12-30,24.135,0.005206164098292332,neutral
2017-12-31,24.26,0.005179200331468792,neutral
2018-01-01,24.385,0.0051525144270403445,neutral
2018-01-02,24.51,0.005126102111953967,neutral
2018-01-03,24.45,-0.002447980416156792,neutral
2018-01-04,23.99,-0.018813905930470387,decrease
2018-01-05,24.32,0.013755731554814687,neutral
2018-01-06,24.41,0.0037006578947367252,neutral
2018-01-07,24.5,0.0036870135190496534,neutral
2018-01-08,24.59,0.003673469387755146,neutral
2018-01-09,24.17,-0.017080113867425695,decrease
2018-01-10,24.25,0.003309888291270102,neutral
2018-01-11,24.35,0.004123711340206171,neutral
2018-01-12,25.41,0.04353182751540041,positive
2018-01-13,25.2225,-0.0073789846517119395,neutral
2018-01-14,25.035,-0.007433838834374096,neutral
2018-01-15,24.8475,-0.0074895146794488054,neutral
2018-01-16,24.66,-0.00754603078780558,neutral
2018-01-17,24.56,-0.0040551500405515695,neutral
2018-01-18,24.04,-0.021172638436482094,decrease
2018-01-19,23.66,-0.01580698835274541,decrease
2018-01-20,23.546666666666667,-0.004790081713158645,neutral
2018-01-21,23.433333333333334,-0.004813137032842585,neutral
2018-01-22,23.32,-0.004836415362731161,neutral
2018-01-23,22.75,-0.024442538593482,decrease
2018-01-24,22.37,-0.016703296703296622,decrease
2018-01-25,22.16,-0.009387572641931241,neutral
2018-01-26,24.27,0.09521660649819497,positive
2018-01-27,24.573333333333334,0.012498283202856841,neutral
2018-01-28,24.876666666666665,0.012344004340748782,neutral
2018-01-29,25.18,0.012193487873509268,neutral
2018-01-30,25.62,0.017474185861795055,positive
2018-01-31,25.81,0.007416081186572887,neutral
2018-02-01,27.14,0.051530414567996896,positive
2018-02-02,25.92,-0.044952100221075875,decrease
2018-02-03,25.656666666666666,-0.010159465020576186,neutral
2018-02-04,25.393333333333334,-0.01026373911913725,neutral
2018-02-05,25.13,-0.010370175899186207,neutral
2018-02-06,25.24,0.004377238360525171,neutral
2018-02-07,26.91,0.06616481774960392,positive
2018-02-08,30.18,0.12151616499442586,positive
2018-02-09,31.51,0.044068919814446605,positive
2018-02-10,31.323333333333334,-0.0059240452766318175,neutral
2018-02-11,31.136666666666667,-0.005959348728317604,neutral
2018-02-12,30.95,-0.005995075473718026,neutral
2018-02-13,33.44,0.08045234248788358,positive
2018-02-14,33.75,0.009270334928229707,neutral
2018-02-15,33.61,-0.004148148148148123,neutral
2018-02-16,33.06,-0.016364177328176077,decrease
2018-02-17,33.005,-0.0016636418632788308,neutral
2018-02-18,32.95,-0.0016664141796697285,neutral
2018-02-19,32.895,-0.0016691957511381084,neutral
2018-02-20,32.84,-0.001671986624106947,neutral
2018-02-21,33.38,0.016443361753958552,positive
2018-02-22,32.11,-0.038046734571599905,decrease
2018-02-23,32.66,0.017128620367486747,positive
2018-02-24,32.49333333333333,-0.005103082261685987,neutral
2018-02-25,32.32666666666666,-0.005129257283545519,neutral
2018-02-26,32.16,-0.005155702206640522,neutral
2018-02-27,31.32,-0.026119402985074536,decrease
2018-02-28,31.86,0.01724137931034475,positive
2018-03-01,32.24,0.011927181418706967,neutral
2018-03-02,33.0,0.023573200992555776,positive
2018-03-03,33.526666666666664,0.01595959595959595,positive
2018-03-04,34.053333333333335,0.015708888447007574,positive
2018-03-05,34.58,0.015465935787000618,positive
2018-03-06,34.43,-0.00433776749566217,neutral
2018-03-07,35.76,0.03862910252686613,positive
2018-03-08,34.85,-0.025447427293064817,decrease
2018-03-09,35.35,0.01434720229555242,neutral
2018-03-10,35.4,0.0014144271570013522,neutral
2018-03-11,35.45,0.0014124293785311437,neutral
2018-03-12,35.5,0.0014104372355430161,neutral
2018-03-13,34.11,-0.0391549295774648,decrease
2018-03-14,36.6,0.07299912049252422,positive
2018-03-15,35.8,-0.021857923497267895,decrease
2018-03-16,35.58,-0.0061452513966480105,neutral
2018-03-17,35.379999999999995,-0.005621135469364935,neutral
2018-03-18,35.18,-0.005652911249293235,neutral
2018-03-19,34.98,-0.005685048322910835,neutral
2018-03-20,31.35,-0.10377358490566024,decrease
2018-03-21,32.73,0.044019138755980736,positive
2018-03-22,31.2,-0.04674610449129235,decrease
2018-03-23,31.03,-0.005448717948717929,neutral
2018-03-24,31.323333333333334,0.009453217316575335,neutral
2018-03-25,31.616666666666667,0.009364690858784774,neutral
2018-03-26,31.91,0.009277807063784893,neutral
2018-03-27,28.07,-0.12033845189595738,decrease
2018-03-28,28.45,0.01353758460990373,neutral
2018-03-29,29.01,0.019683655536028244,positive
2018-03-30,28.767500000000002,-0.008359186487418069,neutral
2018-03-31,28.525,-0.00842965151646835,neutral
2018-04-01,28.2825,-0.008501314636283896,neutral
2018-04-02,28.04,-0.008574206664898831,neutral
2018-04-03,27.54,-0.01783166904422251,decrease
2018-04-04,28.25,0.0257806826434277,positive
2018-04-05,28.64,0.013805309734513216,neutral
2018-04-06,28.1,-0.0188547486033519,decrease
2018-04-07,28.07,-0.001067615658362997,neutral
2018-04-08,28.040000000000003,-0.0010687566797291659,neutral
2018-04-09,28.01,-0.0010699001426534016,neutral
2018-04-10,29.53,0.05426633345233833,positive
2018-04-11,29.39,-0.004740941415509625,neutral
2018-04-12,29.0,-0.013269819666553273,neutral
2018-04-13,28.76,-0.008275862068965467,neutral
2018-04-14,28.7,-0.0020862308762170656,neutral
2018-04-15,28.64,-0.002090592334494712,neutral
2018-04-16,28.58,-0.0020949720670392358,neutral
2018-04-17,31.84,0.11406578026592018,positive
2018-04-18,31.54,-0.009422110552763874,neutral
2018-04-19,31.54,0.0,neutral
2018-04-20,31.91,0.011731135066582077,neutral
2018-04-21,31.68,-0.0072077718583516415,neutral
2018-04-22,31.45,-0.007260101010100994,neutral
2018-04-23,31.22,-0.007313195548489637,neutral
2018-04-24,30.47,-0.024023062139654106,decrease
2018-04-25,29.75,-0.023629799803084994,decrease
2018-04-26,30.27,0.017478991596638682,positive
2018-04-27,29.0,-0.04195573174760492,decrease
2018-04-28,29.436666666666667,0.01505747126436785,positive
2018-04-29,29.87333333333333,0.014834107122636109,neutral
2018-04-30,30.31,0.014617272930149472,neutral
2018-05-01,30.3,-0.0003299241174529177,neutral
2018-05-02,30.55,0.008250825082508184,neutral
2018-05-03,30.67,0.003927986906710368,neutral
2018-05-04,31.04,0.012063906097163235,neutral
2018-05-05,31.136666666666667,0.0031142611683849797,neutral
2018-05-06,31.23333333333333,0.0031045926560324677,neutral
2018-05-07,31.33,0.0030949839914622412,neutral
2018-05-08,31.85,0.016597510373444146,positive
2018-05-09,32.46,0.019152276295133497,positive
2018-05-10,32.87,0.012630930375847171,neutral
2018-05-11,32.75,-0.0036507453605110207,neutral
2018-05-12,32.96333333333333,0.006513994910941401,neutral
2018-05-13,33.17666666666667,0.006471837395085611,neutral
2018-05-14,33.39,0.006430222043604772,neutral
2018-05-15,32.75,-0.01916741539383049,decrease
2018-05-16,32.77,0.000610687022900791,neutral
2018-05-17,32.58,-0.005797985962770924,neutral
2018-05-18,32.63,0.0015346838551260067,neutral
2018-05-19,32.96333333333334,0.010215548064153701,neutral
2018-05-20,33.29666666666667,0.010112245929820851,neutral
2018-05-21,33.63,0.01001101211332478,neutral
2018-05-22,32.86,-0.0228962236098722,decrease
2018-05-23,33.42,0.01704199634814363,positive
2018-05-24,33.52,0.0029922202274088594,neutral
2018-05-25,33.63,0.0032816229116945372,neutral
2018-05-26,33.7325,0.0030478739220933804,neutral
2018-05-27,33.835,0.0030386126139478886,neutral
2018-05-28,33.9375,0.003029407418353669,neutral
2018-05-29,34.04,0.00302025782688764,neutral
2018-05-30,34.36,0.009400705052879044,neutral
2018-05-31,34.7,0.009895227008149154,neutral
2018-06-01,36.65,0.0561959654178672,positive
2018-06-02,37.06,0.011186903137790027,neutral
2018-06-03,37.47,0.01106314085267135,neutral
2018-06-04,37.88,0.010942087002935752,neutral
2018-06-05,39.8,0.05068637803590281,positive
2018-06-06,40.1,0.007537688442211143,neutral
2018-06-07,39.7,-0.009975062344139585,neutral
2018-06-08,41.21,0.03803526448362704,positive
2018-06-09,41.28,0.0016986168405725977,neutral
2018-06-10,41.35,0.0016957364341085857,neutral
2018-06-11,41.42,0.0016928657799275548,neutral
2018-06-12,43.49,0.049975857073877306,positive
2018-06-13,44.07,0.013336399172223512,neutral
2018-06-14,46.76,0.06103925572952118,positive
2018-06-15,45.8,-0.020530367835757124,decrease
2018-06-16,45.86666666666667,0.0014556040756914523,neutral
2018-06-17,45.93333333333333,0.0014534883720929148,neutral
2018-06-18,46.0,0.0014513788098693414,neutral
2018-06-19,44.95,-0.022826086956521663,decrease
2018-06-20,46.13,0.026251390433815303,positive
2018-06-21,45.24,-0.01929330153912856,decrease
2018-06-22,45.88,0.014146772767462457,neutral
2018-06-23,45.31,-0.01242371403661724,neutral
2018-06-24,44.74,-0.012580004414036616,neutral
2018-06-25,44.17,-0.012740277156906621,neutral
2018-06-26,44.84,0.015168666515734675,positive
2018-06-27,43.7,-0.025423728813559365,decrease
2018-06-28,44.79,0.02494279176201375,positive
2018-06-29,43.67,-0.025005581603036342,decrease
2018-06-30,44.10666666666667,0.009999236699488545,neutral
2018-07-01,44.54333333333333,0.009900241837968338,neutral
2018-07-02,44.98,0.009803187906907151,neutral
2018-07-03,43.89,-0.0242329924410849,decrease
2018-07-04,44.475,0.01332877648667119,neutral
2018-07-05,45.06,0.013153456998313606,neutral
2018-07-06,46.65,0.035286284953395475,positive
2018-07-07,45.81333333333333,-0.017934976777420508,decrease
2018-07-08,44.97666666666667,-0.018262514551804387,decrease
2018-07-09,44.14,-0.018602238197583887,decrease
2018-07-10,43.75,-0.00883552333484372,neutral
2018-07-11,43.87,0.002742857142857158,neutral
2018-07-12,45.26,0.03168452245270115,positive
2018-07-13,44.49,-0.017012814847547464,decrease
2018-07-14,44.413333333333334,-0.0017232336854724473,neutral
2018-07-15,44.336666666666666,-0.0017262083458421396,neutral
2018-07-16,44.26,-0.00172919329373733,neutral
2018-07-17,44.71,0.01016719385449627,neutral
2018-07-18,43.34,-0.030641914560500916,decrease
2018-07-19,43.44,0.002307337332717818,neutral
2018-07-20,43.42,-0.0004604051565376688,neutral
2018-07-21,43.38333333333333,-0.0008444649163212858,neutral
2018-07-22,43.34666666666667,-0.0008451786400306416,neutral
2018-07-23,43.31,-0.0008458935712089,neutral
2018-07-24,42.17,-0.026321865619949203,decrease
2018-07-25,44.22,0.04861275788475217,positive
2018-07-26,42.94,-0.028946178199909522,decrease
2018-07-27,34.12,-0.20540288775034932,decrease
2018-07-28,33.20666666666666,-0.026768268855021482,decrease
2018-07-29,32.29333333333333,-0.027504517165227838,decrease
2018-07-30,31.38,-0.028282411230387994,decrease
2018-07-31,31.87,0.015615041427661014,positive
2018-08-01,31.91,0.0012550988390336304,neutral
2018-08-02,32.82,0.02851770604826065,positive
2018-08-03,31.96,-0.026203534430225495,decrease
2018-08-04,32.3,0.010638297872340274,neutral
2018-08-05,32.64,0.010526315789473717,neutral
2018-08-06,32.98,0.010416666666666519,neutral
2018-08-07,32.67,-0.009399636143116896,neutral
2018-08-08,31.84,-0.02540557086011641,decrease
2018-08-09,31.96,0.0037688442211054607,neutral
2018-08-10,32.01,0.0015644555694618312,neutral
2018-08-11,32.27333333333333,0.008226595855461927,neutral
2018-08-12,32.53666666666666,0.008159471183639688,neutral
2018-08-13,32.8,0.008093433049892518,neutral
2018-08-14,33.19,0.01189024390243909,neutral
2018-08-15,32.38,-0.024404941247363476,decrease
2018-08-16,32.83,0.013897467572575595,neutral
2018-08-17,32.73,-0.0030459945172098823,neutral
2018-08-18,32.68666666666667,-0.00132396374376198,neutral
2018-08-19,32.64333333333333,-0.0013257189475832654,neutral
2018-08-20,32.6,-0.0013274788113957214,neutral
2018-08-21,33.69,0.03343558282208581,positive
2018-08-22,33.81,0.003561887800534347,neutral
2018-08-23,33.88,0.0020703933747412417,neutral
2018-08-24,34.28,0.011806375442739103,neutral
2018-08-25,34.81666666666667,0.015655387008945976,positive
2018-08-26,35.35333333333333,0.01541407371948278,positive
2018-08-27,35.89,0.015180086743352916,positive
2018-08-28,35.49,-0.011145165784340993,neutral
2018-08-29,35.35,-0.0039447731755424265,neutral
2018-08-30,35.64,0.008203677510608243,neutral
2018-08-31,35.18,-0.01290684624017957,neutral
2018-09-01,35.095,-0.0024161455372371243,neutral
2018-09-02,35.010000000000005,-0.002421997435531953,neutral
2018-09-03,34.925000000000004,-0.002427877749214491,neutral
2018-09-04,34.84,-0.0024337866857552237,neutral
2018-09-05,32.73,-0.060562571756601735,decrease
2018-09-06,30.81,-0.05866177818515117,decrease
2018-09-07,30.49,-0.010386238234339484,neutral
2018-09-08,30.506666666666664,0.0005466273095002805,neutral
2018-09-09,30.523333333333333,0.0005463286713287552,neutral
2018-09-10,30.54,0.0005460303592879079,neutral
2018-09-11,30.89,0.01146037982973147,neutral
2018-09-12,29.75,-0.0369051472968599,decrease
2018-09-13,30.39,0.021512605042016908,positive
2018-09-14,30.12,-0.008884501480750262,neutral
2018-09-15,29.7,-0.01394422310756982,neutral
2018-09-16,29.28,-0.014141414141414121,neutral
2018-09-17,28.86,-0.014344262295082011,neutral
2018-09-18,29.22,0.012474012474012364,neutral
2018-09-19,29.52,0.010266940451745477,neutral
2018-09-20,29.85,0.011178861788617933,neutral
2018-09-21,28.5,-0.045226130653266416,decrease
2018-09-22,28.533333333333335,0.0011695906432749315,neutral
2018-09-23,28.566666666666666,0.001168224299065379,neutral
2018-09-24,28.6,0.001166861143524045,neutral
2018-09-25,29.11,0.01783216783216779,positive
2018-09-26,29.01,-0.003435245620061811,neutral
2018-09-27,29.42,0.014133057566356522,neutral
2018-09-28,28.46,-0.03263086335825971,decrease
2018-09-29,28.41,-0.0017568517217146917,neutral
2018-09-30,28.36,-0.0017599436818022118,neutral
2018-10-01,28.31,-0.0017630465444288257,neutral
2018-10-02,28.19,-0.004238784881667179,neutral
2018-10-03,29.01,0.029088329194749907,positive
2018-10-04,28.23,-0.026887280248190315,decrease
2018-10-05,28.39,0.005667729365922858,neutral
2018-10-06,28.41,0.0007044734061290026,neutral
2018-10-07,28.43,0.0007039774727208847,neutral
2018-10-08,28.45,0.000703482237073505,neutral
2018-10-09,29.27,0.028822495606326992,positive
2018-10-10,26.79,-0.08472839084386741,decrease
2018-10-11,27.0,0.007838745800671898,neutral
2018-10-12,27.99,0.036666666666666625,positive
2018-10-13,28.196666666666665,0.00738358937715855,neutral
2018-10-14,28.403333333333332,0.0073294715687433065,neutral
2018-10-15,28.61,0.007276141297969829,neutral
2018-10-16,29.87,0.04404054526389389,positive
2018-10-17,29.55,-0.010713090056913344,neutral
2018-10-18,29.29,-0.00879864636209815,neutral
2018-10-19,28.83,-0.015705018777739888,decrease
2018-10-20,28.946666666666665,0.00404671060238182,neutral
2018-10-21,29.063333333333333,0.004030400736987572,neutral
2018-10-22,29.18,0.004014221814428343,neutral
2018-10-23,28.77,-0.014050719671007572,neutral
2018-10-24,27.54,-0.04275286757038588,decrease
2018-10-25,31.8,0.15468409586056642,positive
2018-10-26,32.36,0.017610062893081757,positive
2018-10-27,32.37,0.00030902348578476513,neutral
2018-10-28,32.38,0.00030892801977144835,neutral
2018-10-29,32.39,0.00030883261272385276,neutral
2018-10-30,33.86,0.045384377894411854,positive
2018-10-31,34.75,0.026284701712935732,positive
2018-11-01,34.62,-0.003741007194244639,neutral
2018-11-02,34.3,-0.009243212016175617,neutral
2018-11-03,34.20666666666666,-0.0027210884353741083,neutral
2018-11-04,34.11333333333334,-0.0027285129604364133,neutral
2018-11-05,34.02,-0.002735978112175075,neutral
2018-11-06,34.42,0.011757789535567165,neutral
2018-11-07,34.99,0.016560139453805967,positive
2018-11-08,34.18,-0.023149471277507883,decrease
2018-11-09,34.08,-0.0029256875365711865,neutral
2018-11-10,33.39,-0.020246478873239382,decrease
2018-11-11,32.699999999999996,-0.020664869721473633,decrease
2018-11-12,32.01,-0.02110091743119258,decrease
2018-11-13,32.49,0.014995313964386359,neutral
2018-11-14,32.91,0.012927054478300892,neutral
2018-11-15,33.15,0.007292616226071136,neutral
2018-11-16,33.67,0.015686274509804088,positive
2018-11-17,33.10666666666667,-0.016731016731016735,decrease
2018-11-18,32.54333333333334,-0.017015706806282727,decrease
2018-11-19,31.98,-0.017310252996005415,decrease
2018-11-20,31.06,-0.028767979987492254,decrease
2018-11-21,31.61,0.017707662588538398,positive
2018-11-22,31.365000000000002,-0.007750711800063148,neutral
2018-11-23,31.12,-0.007811254583134142,neutral
2018-11-24,31.686666666666667,0.01820908311910885,positive
2018-11-25,32.25333333333333,0.0178834420366083,positive
2018-11-26,32.82,0.017569243489045094,positive
2018-11-27,32.61,-0.006398537477148136,neutral
2018-11-28,32.73,0.0036798528058876734,neutral
2018-11-29,31.3,-0.043690803544149004,decrease
2018-11-30,31.45,0.004792332268370503,neutral
2018-12-01,32.18666666666667,0.023423423423423406,positive
2018-12-02,32.92333333333333,0.022887323943661997,positive
2018-12-03,33.66,0.022375215146299476,positive
2018-12-04,32.56,-0.03267973856209139,decrease
2018-12-05,32.760000000000005,0.006142506142506221,neutral
2018-12-06,32.96,0.006105006105006083,neutral
2018-12-07,32.83,-0.003944174757281593,neutral
2018-12-08,33.03,0.006091989034419765,neutral
2018-12-09,33.23,0.006055101422948628,neutral
2018-12-10,33.43,0.006018657839302,neutral
2018-12-11,34.45,0.030511516601854805,positive
